1,Agave Nectar
2,Almond Extract
3,Almonds
4,Apple
5,Apple Jam
6,Apricot Preserves
7,Avocado
8,Bacon
9,Baking Powder
10,Baking Soda
11,Banana
12,Barbecue Sauce
13,Barley
14,Basil
15,Bay Leaf
16,Beef
17,Beef Bouillon
18,Beef Broth
19,Bell Pepper
20,Black Tea
21,Bok Choy
22,Bread (Any)
23,Broccoli
24,Brown Sugar
25,Butter
26,Cabbage
27,Cactus
28,Carrot
29,Cayenne Pepper
30,Celery
31,Celery Salt
32,Char Siu Pork
33,Cheddar Cheese
34,Cheese (Any)
35,Chicken
36,Chicken Bouillon
37,Chicken Stock
38,Chickpeas
39,Chile de Arbol
40,Chile Japones
41,Chili Flakes
42,Chili Powder
43,Chinese Sausage
44,Chipotle Chiles
45,Chives
46,Cilantro
47,Cinnamon
48,Cinnamon Stick
49,Coca-Cola
50,Condensed Cream of Mushroom Soup
51,Condensed Milk
52,Cooking Fat
53,Corn
54,Corn Syrup
55,Cornstarch
56,Corriander
57,Cottage Cheese
58,Cream Cheese
59,Cream of Tartar
60,Crushed Tomatoes
61,Cucumber
62,Cumin
63,Curry Powder
64,Diced Tomatoes
65,Dill
66,Dijon Mustard
67,Dried Hibiscus Flowers
68,Egg
69,Egg Noodles
70,Evaporated Milk
71,Feta Cheese
72,Fish
73,Fish Sauce
74,Flour
75,Frozen Tater Tots
76,Fruit (Any)
77,Garlic
78,Garlic Powder
79,Garlic Salt
80,Ginger
81,Grain (Any)
82,Grapes
83,Green Beans
84,Green Onion
85,Ground Annato
86,Ground Beef
87,Ground Cloves
88,Ground Pork
89,Ground Turkey
90,Guajillo Chile
91,Ham
92,Honey
93,Jelly
94,Kale
95,Ketchup
96,Kidney Beans
97,Kiwi
98,Lasagna Noodles
99,Lemon
100,Lemon Juice
101,Lettuce
102,Lime
103,Lime Juice
104,Maple Syrup
105,Marjoram
106,Meat (Any)
107,Milk
108,Molasses
109,Mozzarella Cheese
110,Mushrooms
111,Oats
112,Oil
113,Olive Oil
114,Onion
115,Onion Soup Mix
116,Orange
117,Oregano
118,Oyster Sauce
119,Paprika
120,Parmesan Cheese
121,Parsley
122,Parsnip
123,Pasta (Any)
124,Peach
125,Peaches
126,Peanut Butter
127,Peas
128,Pecans
129,Pepper
130,Pig Feet
131,Pineapple Slices
132,Plain Yogurt
133,Poblano Chile
134,Pork
135,Pork Shoulder
136,Potato
137,Queso Fresco
138,Ranch Mix
139,Raw Chicken
140,Red Pepper Flakes
141,Red Wine
142,Rice
143,Rice Noodles
144,Ricotta Cheese
145,Rosemary
146,Round Steak
147,Salt
148,Scallion
149,Seasoning
150,Serrano Pepper
151,Sesame Oil
152,Sesame Seeds
153,Shallot
154,Shortening
155,Shrimp
156,Sour Cream
157,Soy Sauce
158,Spaghetti
159,Spring Onion
160,Steak Sauce
161,Stewed Tomatoes
162,Stock (Any)
163,Strawberries
164,Sugar
165,Sweet Potato
166,Thyme
167,Tilapia
168,Tomatillos
169,Tomato
170,Tomato Bouillon
171,Tomato Paste
172,Tomato Soup
173,Tortillas
174,Tumeric
175,Turkey
176,Turnip
177,Vanilla Extract
178,Vanilla Yogurt
179,Vegetable (Any)
180,Vegetable Stock
181,Vinegar
182,Walnuts
183,Water
184,Whipped Cream
185,White Cake Mix
186,Whole Milk
187,Worcestershire Sauce
188,Zucchini
189,Light Cream
190,Pimiento
191,Yeast
192,Pork Loin
193,Nutmeg
194,Orange Juice
195,Cranberries
196,Balsamic Vinegar
197,Goat Cheese
198,Arugala
199,Pizza dough
200,
201,Sausage
202,Ice
203,Dark Chocolate
204,Chicken Breast
205,Cloves
206,Allspice
207,Cardamom
208,Applesauce
209,Pie Crust
210,Cashews
211,Coconut Oil
212,Garam Masala
213,Coconut Milk
214,Tofu
215,Apple Cider Vinegar
216,Lime Jello
217,Dream Whip
218,Marshmallows
219,Crushed Pineapple
220,Instant Tea
221,Orange Tang
222,Spaghetti Squash
223,Cauliflower
224,Rolled Oats
225,Black Beans
226,Sunflower seeds
227,White Wine
228,Linguine Noodles
229,Spinach
230,Crisco
231,Blueberries
232,Chocolate Chips
233,Mustard Seed
234,Bread Crumbs
235,Steak
236,Marshmallow Fluff
237,Cool Whip
238,
239,
240,
241,
242,